url,archivo_local
https://akrolih.com/akrolih-bw.png,_externos/akrolih.com/akrolih-bw.png
https://espacan-aglup-2yfvwlhnjh.live-website.com/wp-content/themes/Impreza/common/css/vendor/images/marker-icon.png,_externos/espacan-aglup-2yfvwlhnjh.live-website.com/wp-content/themes/Impreza/common/css/vendor/images/marker-icon.png
https://espacan-aglup-2yfvwlhnjh.live-website.com/wp-content/uploads/2026/04/etiqueta-0-emisiones-minimalista.png,_externos/espacan-aglup-2yfvwlhnjh.live-website.com/wp-content/uploads/2026/04/etiqueta-0-emisiones-minimalista.png
https://espacan-aglup-2yfvwlhnjh.live-website.com/wp-content/uploads/2026/04/etiqueta-b-minimalista.png,_externos/espacan-aglup-2yfvwlhnjh.live-website.com/wp-content/uploads/2026/04/etiqueta-b-minimalista.png
https://espacan-aglup-2yfvwlhnjh.live-website.com/wp-content/uploads/2026/04/etiqueta-c-minimalista.png,_externos/espacan-aglup-2yfvwlhnjh.live-website.com/wp-content/uploads/2026/04/etiqueta-c-minimalista.png
https://espacan-aglup-2yfvwlhnjh.live-website.com/wp-content/uploads/2026/04/etiqueta-eco-minimalista-vertical.png,_externos/espacan-aglup-2yfvwlhnjh.live-website.com/wp-content/uploads/2026/04/etiqueta-eco-minimalista-vertical.png
https://espacan-aglup-2yfvwlhnjh.live-website.com/wp-content/uploads/2026/05/aglup-banner.png,_externos/espacan-aglup-2yfvwlhnjh.live-website.com/wp-content/uploads/2026/05/aglup-banner.png
https://espacan.es/,index.html
https://espacan.es/?_pa_marca=bmw,index_9353ab47b4.html
https://espacan.es/aviso-legal/,aviso-legal/index.html
https://espacan.es/carroceria/berlina/,carroceria/berlina/index.html
https://espacan.es/carroceria/cabrio/,carroceria/cabrio/index.html
https://espacan.es/carroceria/compacto/,carroceria/compacto/index.html
https://espacan.es/carroceria/coupe/,carroceria/coupe/index.html
https://espacan.es/carroceria/familiar/,carroceria/familiar/index.html
https://espacan.es/carroceria/furgoneta/,carroceria/furgoneta/index.html
https://espacan.es/carroceria/monovolumen/,carroceria/monovolumen/index.html
https://espacan.es/carroceria/pickup/,carroceria/pickup/index.html
https://espacan.es/carroceria/suv/,carroceria/suv/index.html
https://espacan.es/carroceria/todoterreno/,carroceria/todoterreno/index.html
https://espacan.es/carroceria/urbano/,carroceria/urbano/index.html
https://espacan.es/coche/ocasion/,coche/ocasion/index.html
https://espacan.es/coche/segunda-mano/,coche/segunda-mano/index.html
https://espacan.es/coche/seminuevo/,coche/seminuevo/index.html
https://espacan.es/coche/sin-categorizar/,coche/sin-categorizar/index.html
https://espacan.es/coches-tenerife/,coches-tenerife/index.html
https://espacan.es/coches-tenerife/?_pa_marca=audi,coches-tenerife/index_1e0307297e.html
https://espacan.es/coches-tenerife/?_pa_marca=citroen,coches-tenerife/index_c65408baaa.html
https://espacan.es/coches-tenerife/?_pa_marca=dacia,coches-tenerife/index_8ad80255c7.html
https://espacan.es/coches-tenerife/?_pa_marca=fiat,coches-tenerife/index_ac9d9d8723.html
https://espacan.es/coches-tenerife/?_pa_marca=ford,coches-tenerife/index_078dbe96f3.html
https://espacan.es/coches-tenerife/?_pa_marca=honda,coches-tenerife/index_ee7a292f50.html
https://espacan.es/coches-tenerife/?_pa_marca=hyundai,coches-tenerife/index_041a1ed42e.html
https://espacan.es/coches-tenerife/?_pa_marca=kia,coches-tenerife/index_d204b38216.html
https://espacan.es/coches-tenerife/?_pa_marca=mazda,coches-tenerife/index_a40dd8b4cc.html
https://espacan.es/coches-tenerife/?_pa_marca=mercedes,coches-tenerife/index_a2f9d9386e.html
https://espacan.es/coches-tenerife/?_pa_marca=mg,coches-tenerife/index_420f130130.html
https://espacan.es/coches-tenerife/?_pa_marca=nissan,coches-tenerife/index_b1ecfb9f14.html
https://espacan.es/coches-tenerife/?_pa_marca=opel,coches-tenerife/index_031094e898.html
https://espacan.es/coches-tenerife/?_pa_marca=peugeot,coches-tenerife/index_779920f468.html
https://espacan.es/coches-tenerife/?_pa_marca=renault,coches-tenerife/index_62e84068af.html
https://espacan.es/coches-tenerife/?_pa_marca=seat,coches-tenerife/index_104bad23fe.html
https://espacan.es/coches-tenerife/?_pa_marca=skoda,coches-tenerife/index_2b51af486e.html
https://espacan.es/coches-tenerife/?_pa_marca=toyota,coches-tenerife/index_db9f0de98e.html
https://espacan.es/coches-tenerife/?_pa_marca=volkswagen,coches-tenerife/index_4a344626e8.html
https://espacan.es/coches/audi-a1-adrenalin-copia/,coches/audi-a1-adrenalin-copia/index.html
https://espacan.es/coches/audi-tt-coupe-s-line-edition-copia/,coches/audi-tt-coupe-s-line-edition-copia/index.html
https://espacan.es/coches/mercedes-gle-coupe-350-d-4matic-copia/,coches/mercedes-gle-coupe-350-d-4matic-copia/index.html
https://espacan.es/coches/nissan-juke-1-6-hybrid-n-connecta-auto/,coches/nissan-juke-1-6-hybrid-n-connecta-auto/index.html
https://espacan.es/coches/opel-mokka/,coches/opel-mokka/index.html
https://espacan.es/contacto/,contacto/index.html
https://espacan.es/etiqueta-producto/reservado/,etiqueta-producto/reservado/index.html
https://espacan.es/etiqueta-producto/vendido/,etiqueta-producto/vendido/index.html
https://espacan.es/faqs/,faqs/index.html
https://espacan.es/mis-favoritos/,mis-favoritos/index.html
https://espacan.es/politica-de-cookies/,politica-de-cookies/index.html
https://espacan.es/politica-de-privacidad/,politica-de-privacidad/index.html
https://espacan.es/quienes-somos/,quienes-somos/index.html
https://espacan.es/vender-coche-tenerife/,vender-coche-tenerife/index.html
https://espacan.es/wp-content/cache/fonts/1/google-fonts/css/9/7/0/ad2f2f454699eadc1fe0f37336f98.css,wp-content/cache/fonts/1/google-fonts/css/9/7/0/ad2f2f454699eadc1fe0f37336f98.css
https://espacan.es/wp-content/cache/fonts/1/google-fonts/css/e/c/b/f58c5f5a3deab045948c9db33b7df.css,wp-content/cache/fonts/1/google-fonts/css/e/c/b/f58c5f5a3deab045948c9db33b7df.css
https://espacan.es/wp-content/cache/fonts/1/google-fonts/fonts/s/bebasneue/v16/JTUSjIg69CK48gW7PXoo9Wdhyzbi.woff2,wp-content/cache/fonts/1/google-fonts/fonts/s/bebasneue/v16/JTUSjIg69CK48gW7PXoo9Wdhyzbi.woff2
https://espacan.es/wp-content/cache/fonts/1/google-fonts/fonts/s/bebasneue/v16/JTUSjIg69CK48gW7PXoo9Wlhyw.woff2,wp-content/cache/fonts/1/google-fonts/fonts/s/bebasneue/v16/JTUSjIg69CK48gW7PXoo9Wlhyw.woff2
https://espacan.es/wp-content/cache/fonts/1/google-fonts/fonts/s/inter/v20/UcC73FwrK3iLTeHuS_nVMrMxCp50SjIa0ZL7SUc.woff2,wp-content/cache/fonts/1/google-fonts/fonts/s/inter/v20/UcC73FwrK3iLTeHuS_nVMrMxCp50SjIa0ZL7SUc.woff2
https://espacan.es/wp-content/cache/fonts/1/google-fonts/fonts/s/inter/v20/UcC73FwrK3iLTeHuS_nVMrMxCp50SjIa1ZL7.woff2,wp-content/cache/fonts/1/google-fonts/fonts/s/inter/v20/UcC73FwrK3iLTeHuS_nVMrMxCp50SjIa1ZL7.woff2
https://espacan.es/wp-content/cache/fonts/1/google-fonts/fonts/s/inter/v20/UcC73FwrK3iLTeHuS_nVMrMxCp50SjIa1pL7SUc.woff2,wp-content/cache/fonts/1/google-fonts/fonts/s/inter/v20/UcC73FwrK3iLTeHuS_nVMrMxCp50SjIa1pL7SUc.woff2
https://espacan.es/wp-content/cache/fonts/1/google-fonts/fonts/s/inter/v20/UcC73FwrK3iLTeHuS_nVMrMxCp50SjIa25L7SUc.woff2,wp-content/cache/fonts/1/google-fonts/fonts/s/inter/v20/UcC73FwrK3iLTeHuS_nVMrMxCp50SjIa25L7SUc.woff2
https://espacan.es/wp-content/cache/fonts/1/google-fonts/fonts/s/inter/v20/UcC73FwrK3iLTeHuS_nVMrMxCp50SjIa2JL7SUc.woff2,wp-content/cache/fonts/1/google-fonts/fonts/s/inter/v20/UcC73FwrK3iLTeHuS_nVMrMxCp50SjIa2JL7SUc.woff2
https://espacan.es/wp-content/cache/fonts/1/google-fonts/fonts/s/inter/v20/UcC73FwrK3iLTeHuS_nVMrMxCp50SjIa2ZL7SUc.woff2,wp-content/cache/fonts/1/google-fonts/fonts/s/inter/v20/UcC73FwrK3iLTeHuS_nVMrMxCp50SjIa2ZL7SUc.woff2
https://espacan.es/wp-content/cache/fonts/1/google-fonts/fonts/s/inter/v20/UcC73FwrK3iLTeHuS_nVMrMxCp50SjIa2pL7SUc.woff2,wp-content/cache/fonts/1/google-fonts/fonts/s/inter/v20/UcC73FwrK3iLTeHuS_nVMrMxCp50SjIa2pL7SUc.woff2
https://espacan.es/wp-content/cache/fonts/1/google-fonts/fonts/s/inter/v20/UcCO3FwrK3iLTeHuS_nVMrMxCp50SjIw2boKoduKmMEVuLyfAZ9hiA.woff2,wp-content/cache/fonts/1/google-fonts/fonts/s/inter/v20/UcCO3FwrK3iLTeHuS_nVMrMxCp50SjIw2boKoduKmMEVuLyfAZ9hiA.woff2
https://espacan.es/wp-content/cache/fonts/1/google-fonts/fonts/s/inter/v20/UcCO3FwrK3iLTeHuS_nVMrMxCp50SjIw2boKoduKmMEVuLyfAZBhiI2B.woff2,wp-content/cache/fonts/1/google-fonts/fonts/s/inter/v20/UcCO3FwrK3iLTeHuS_nVMrMxCp50SjIw2boKoduKmMEVuLyfAZBhiI2B.woff2
https://espacan.es/wp-content/cache/fonts/1/google-fonts/fonts/s/inter/v20/UcCO3FwrK3iLTeHuS_nVMrMxCp50SjIw2boKoduKmMEVuLyfAZFhiI2B.woff2,wp-content/cache/fonts/1/google-fonts/fonts/s/inter/v20/UcCO3FwrK3iLTeHuS_nVMrMxCp50SjIw2boKoduKmMEVuLyfAZFhiI2B.woff2
https://espacan.es/wp-content/cache/fonts/1/google-fonts/fonts/s/inter/v20/UcCO3FwrK3iLTeHuS_nVMrMxCp50SjIw2boKoduKmMEVuLyfAZJhiI2B.woff2,wp-content/cache/fonts/1/google-fonts/fonts/s/inter/v20/UcCO3FwrK3iLTeHuS_nVMrMxCp50SjIw2boKoduKmMEVuLyfAZJhiI2B.woff2
https://espacan.es/wp-content/cache/fonts/1/google-fonts/fonts/s/inter/v20/UcCO3FwrK3iLTeHuS_nVMrMxCp50SjIw2boKoduKmMEVuLyfAZNhiI2B.woff2,wp-content/cache/fonts/1/google-fonts/fonts/s/inter/v20/UcCO3FwrK3iLTeHuS_nVMrMxCp50SjIw2boKoduKmMEVuLyfAZNhiI2B.woff2
https://espacan.es/wp-content/cache/fonts/1/google-fonts/fonts/s/inter/v20/UcCO3FwrK3iLTeHuS_nVMrMxCp50SjIw2boKoduKmMEVuLyfAZthiI2B.woff2,wp-content/cache/fonts/1/google-fonts/fonts/s/inter/v20/UcCO3FwrK3iLTeHuS_nVMrMxCp50SjIw2boKoduKmMEVuLyfAZthiI2B.woff2
https://espacan.es/wp-content/cache/fonts/1/google-fonts/fonts/s/inter/v20/UcCO3FwrK3iLTeHuS_nVMrMxCp50SjIw2boKoduKmMEVuLyfAZxhiI2B.woff2,wp-content/cache/fonts/1/google-fonts/fonts/s/inter/v20/UcCO3FwrK3iLTeHuS_nVMrMxCp50SjIw2boKoduKmMEVuLyfAZxhiI2B.woff2
https://espacan.es/wp-content/cache/min/1/wp-content/plugins/revslider/public/css/fonts/font-awesome/css/font-awesome.css?ver=1778973038,wp-content/cache/min/1/wp-content/plugins/revslider/public/css/fonts/font-awesome/css/font-awesome_c0a9182f67.css
https://espacan.es/wp-content/cache/min/1/wp-content/plugins/revslider/public/css/sr7.css?ver=1778973038,wp-content/cache/min/1/wp-content/plugins/revslider/public/css/sr7_c0a9182f67.css
https://espacan.es/wp-content/cache/min/1/wp-content/plugins/revslider/public/js/libs/tptools.js?ver=1778973038,wp-content/cache/min/1/wp-content/plugins/revslider/public/js/libs/tptools_c0a9182f67.js
https://espacan.es/wp-content/cache/min/1/wp-content/plugins/revslider/public/js/sr7.js?ver=1778973038,wp-content/cache/min/1/wp-content/plugins/revslider/public/js/sr7_c0a9182f67.js
https://espacan.es/wp-content/cache/min/1/wp-content/themes/Impreza/common/js/vendor/magnific-popup.js?ver=1778973038,wp-content/cache/min/1/wp-content/themes/Impreza/common/js/vendor/magnific-popup_c0a9182f67.js
https://espacan.es/wp-content/cache/min/1/wp-content/themes/Impreza/common/js/vendor/owl.carousel.js?ver=1778973038,wp-content/cache/min/1/wp-content/themes/Impreza/common/js/vendor/owl.carousel_c0a9182f67.js
https://espacan.es/wp-content/cache/min/1/wp-includes/js/jquery/jquery.ui.touch-punch.js?ver=1778986081,wp-content/cache/min/1/wp-includes/js/jquery/jquery.ui.touch-punch_ccec61d2bf.js
https://espacan.es/wp-content/plugins/creame-whatsapp-me/public/css/joinchat-btn.min.css?ver=6.1.3,wp-content/plugins/creame-whatsapp-me/public/css/joinchat-btn.min_8ca37b94b4.css
https://espacan.es/wp-content/plugins/creame-whatsapp-me/public/css/joinchat-btn.min.css?ver=6.3.1,wp-content/plugins/creame-whatsapp-me/public/css/joinchat-btn.min_17fb34cd68.css
https://espacan.es/wp-content/plugins/creame-whatsapp-me/public/js/joinchat.min.js?ver=6.1.3,wp-content/plugins/creame-whatsapp-me/public/js/joinchat.min_8ca37b94b4.js
https://espacan.es/wp-content/plugins/creame-whatsapp-me/public/js/joinchat.min.js?ver=6.3.1,wp-content/plugins/creame-whatsapp-me/public/js/joinchat.min_17fb34cd68.js
https://espacan.es/wp-content/plugins/gtranslate/js/float.js?ver=3.1.1,wp-content/plugins/gtranslate/js/float_ce67a1ad71.js
https://espacan.es/wp-content/plugins/gtranslate/js/float.js?ver=6.9.4,wp-content/plugins/gtranslate/js/float_cf0506e196.js
https://espacan.es/wp-content/plugins/revslider/public/css/fonts/font-awesome/css/font-awesome.css,wp-content/plugins/revslider/public/css/fonts/font-awesome/css/font-awesome.css
https://espacan.es/wp-content/plugins/revslider/public/css/fonts/font-awesome/fonts/fontawesome-webfont.eot,wp-content/plugins/revslider/public/css/fonts/font-awesome/fonts/fontawesome-webfont.eot
https://espacan.es/wp-content/plugins/revslider/public/css/fonts/font-awesome/fonts/fontawesome-webfont.eot?v=4.7.0,wp-content/plugins/revslider/public/css/fonts/font-awesome/fonts/fontawesome-webfont_dc19594184.eot
https://espacan.es/wp-content/plugins/revslider/public/css/fonts/font-awesome/fonts/fontawesome-webfont.svg?v=4.7.0,wp-content/plugins/revslider/public/css/fonts/font-awesome/fonts/fontawesome-webfont_dc19594184.svg
https://espacan.es/wp-content/plugins/revslider/public/css/fonts/font-awesome/fonts/fontawesome-webfont.ttf?v=4.7.0,wp-content/plugins/revslider/public/css/fonts/font-awesome/fonts/fontawesome-webfont_dc19594184.ttf
https://espacan.es/wp-content/plugins/revslider/public/css/fonts/font-awesome/fonts/fontawesome-webfont.woff2?v=4.7.0,wp-content/plugins/revslider/public/css/fonts/font-awesome/fonts/fontawesome-webfont_dc19594184.woff2
https://espacan.es/wp-content/plugins/revslider/public/css/fonts/font-awesome/fonts/fontawesome-webfont.woff?v=4.7.0,wp-content/plugins/revslider/public/css/fonts/font-awesome/fonts/fontawesome-webfont_dc19594184.woff
https://espacan.es/wp-content/plugins/revslider/public/css/sr7.css?ver=6.7.38,wp-content/plugins/revslider/public/css/sr7_025ca94504.css
https://espacan.es/wp-content/plugins/revslider/public/js/libs/tptools.js?ver=6.7.38,wp-content/plugins/revslider/public/js/libs/tptools_025ca94504.js
https://espacan.es/wp-content/plugins/revslider/public/js/sr7.js?ver=6.7.38,wp-content/plugins/revslider/public/js/sr7_025ca94504.js
https://espacan.es/wp-content/plugins/woocommerce/assets/css/photoswipe/default-skin/default-skin.min.css?ver=10.7.0,wp-content/plugins/woocommerce/assets/css/photoswipe/default-skin/default-skin.min_b1e2aaa551.css
https://espacan.es/wp-content/plugins/woocommerce/assets/css/photoswipe/default-skin/default-skin.png,wp-content/plugins/woocommerce/assets/css/photoswipe/default-skin/default-skin.png
https://espacan.es/wp-content/plugins/woocommerce/assets/css/photoswipe/default-skin/default-skin.svg,wp-content/plugins/woocommerce/assets/css/photoswipe/default-skin/default-skin.svg
https://espacan.es/wp-content/plugins/woocommerce/assets/css/photoswipe/default-skin/preloader.gif,wp-content/plugins/woocommerce/assets/css/photoswipe/default-skin/preloader.gif
https://espacan.es/wp-content/plugins/woocommerce/assets/css/photoswipe/photoswipe.min.css?ver=10.7.0,wp-content/plugins/woocommerce/assets/css/photoswipe/photoswipe.min_b1e2aaa551.css
https://espacan.es/wp-content/plugins/woocommerce/assets/js/flexslider/jquery.flexslider.min.js?ver=2.7.2-wc.10.7.0,wp-content/plugins/woocommerce/assets/js/flexslider/jquery.flexslider.min_9cd81a15eb.js
https://espacan.es/wp-content/plugins/woocommerce/assets/js/frontend/add-to-cart.min.js?ver=10.7.0,wp-content/plugins/woocommerce/assets/js/frontend/add-to-cart.min_b1e2aaa551.js
https://espacan.es/wp-content/plugins/woocommerce/assets/js/frontend/add-to-cart.min.js?ver=10.9.4,wp-content/plugins/woocommerce/assets/js/frontend/add-to-cart.min_62974cc628.js
https://espacan.es/wp-content/plugins/woocommerce/assets/js/frontend/order-attribution.min.js?ver=10.7.0,wp-content/plugins/woocommerce/assets/js/frontend/order-attribution.min_b1e2aaa551.js
https://espacan.es/wp-content/plugins/woocommerce/assets/js/frontend/order-attribution.min.js?ver=10.9.4,wp-content/plugins/woocommerce/assets/js/frontend/order-attribution.min_62974cc628.js
https://espacan.es/wp-content/plugins/woocommerce/assets/js/frontend/single-product.min.js?ver=10.7.0,wp-content/plugins/woocommerce/assets/js/frontend/single-product.min_b1e2aaa551.js
https://espacan.es/wp-content/plugins/woocommerce/assets/js/frontend/woocommerce.min.js?ver=10.7.0,wp-content/plugins/woocommerce/assets/js/frontend/woocommerce.min_b1e2aaa551.js
https://espacan.es/wp-content/plugins/woocommerce/assets/js/frontend/woocommerce.min.js?ver=10.9.4,wp-content/plugins/woocommerce/assets/js/frontend/woocommerce.min_62974cc628.js
https://espacan.es/wp-content/plugins/woocommerce/assets/js/jquery-blockui/jquery.blockUI.min.js?ver=2.7.0-wc.10.7.0,wp-content/plugins/woocommerce/assets/js/jquery-blockui/jquery.blockUI.min_9af1f93bb7.js
https://espacan.es/wp-content/plugins/woocommerce/assets/js/jquery-blockui/jquery.blockUI.min.js?ver=2.7.0-wc.10.9.4,wp-content/plugins/woocommerce/assets/js/jquery-blockui/jquery.blockUI.min_ccac006ce5.js
https://espacan.es/wp-content/plugins/woocommerce/assets/js/js-cookie/js.cookie.min.js?ver=2.1.4-wc.10.7.0,wp-content/plugins/woocommerce/assets/js/js-cookie/js.cookie.min_afcd4b9e1e.js
https://espacan.es/wp-content/plugins/woocommerce/assets/js/js-cookie/js.cookie.min.js?ver=2.1.4-wc.10.9.4,wp-content/plugins/woocommerce/assets/js/js-cookie/js.cookie.min_7a344e2845.js
https://espacan.es/wp-content/plugins/woocommerce/assets/js/photoswipe/photoswipe-ui-default.min.js?ver=4.1.1-wc.10.7.0,wp-content/plugins/woocommerce/assets/js/photoswipe/photoswipe-ui-default.min_b8d1f05681.js
https://espacan.es/wp-content/plugins/woocommerce/assets/js/photoswipe/photoswipe.min.js?ver=4.1.1-wc.10.7.0,wp-content/plugins/woocommerce/assets/js/photoswipe/photoswipe.min_b8d1f05681.js
https://espacan.es/wp-content/plugins/woocommerce/assets/js/sourcebuster/sourcebuster.min.js?ver=10.7.0,wp-content/plugins/woocommerce/assets/js/sourcebuster/sourcebuster.min_b1e2aaa551.js
https://espacan.es/wp-content/plugins/woocommerce/assets/js/sourcebuster/sourcebuster.min.js?ver=10.9.4,wp-content/plugins/woocommerce/assets/js/sourcebuster/sourcebuster.min_62974cc628.js
https://espacan.es/wp-content/plugins/woocommerce/assets/js/zoom/jquery.zoom.min.js?ver=1.7.21-wc.10.7.0,wp-content/plugins/woocommerce/assets/js/zoom/jquery.zoom.min_f08823cf69.js
https://espacan.es/wp-content/plugins/wp-rocket/assets/js/lazyload/17.8.3/lazyload.min.js,wp-content/plugins/wp-rocket/assets/js/lazyload/17.8.3/lazyload.min.js
https://espacan.es/wp-content/plugins/wp-rocket/assets/js/wpr-beacon.min.js,wp-content/plugins/wp-rocket/assets/js/wpr-beacon.min.js
https://espacan.es/wp-content/themes/Impreza/common/css/plugins/woocommerce.min.css?ver=8.41,wp-content/themes/Impreza/common/css/plugins/woocommerce.min_92df4997ee.css
https://espacan.es/wp-content/themes/Impreza/common/js/base/header.no-cache.min.js?ver=8.41,wp-content/themes/Impreza/common/js/base/header.no-cache.min_92df4997ee.js
https://espacan.es/wp-content/themes/Impreza/common/js/base/passive-events.min.js?ver=8.41,wp-content/themes/Impreza/common/js/base/passive-events.min_92df4997ee.js
https://espacan.es/wp-content/themes/Impreza/common/js/vendor/magnific-popup.js?ver=8.41,wp-content/themes/Impreza/common/js/vendor/magnific-popup_92df4997ee.js
https://espacan.es/wp-content/themes/Impreza/common/js/vendor/owl.carousel.js?ver=8.41,wp-content/themes/Impreza/common/js/vendor/owl.carousel_92df4997ee.js
https://espacan.es/wp-content/themes/Impreza/css/style.min.css?ver=8.41,wp-content/themes/Impreza/css/style.min_92df4997ee.css
https://espacan.es/wp-content/themes/Impreza/fonts/fa-brands-400.woff2?ver=8.41,wp-content/themes/Impreza/fonts/fa-brands-400_92df4997ee.woff2
https://espacan.es/wp-content/themes/Impreza/fonts/fa-duotone-900.woff2?ver=8.41,wp-content/themes/Impreza/fonts/fa-duotone-900_92df4997ee.woff2
https://espacan.es/wp-content/themes/Impreza/fonts/fa-light-300.woff2?ver=8.41,wp-content/themes/Impreza/fonts/fa-light-300_92df4997ee.woff2
https://espacan.es/wp-content/themes/Impreza/fonts/fa-regular-400.woff2?ver=8.41,wp-content/themes/Impreza/fonts/fa-regular-400_92df4997ee.woff2
https://espacan.es/wp-content/themes/Impreza/fonts/fa-solid-900.woff2?ver=8.41,wp-content/themes/Impreza/fonts/fa-solid-900_92df4997ee.woff2
https://espacan.es/wp-content/themes/Impreza/fonts/material-icons.woff2?ver=8.41,wp-content/themes/Impreza/fonts/material-icons_92df4997ee.woff2
https://espacan.es/wp-content/themes/Impreza/js/us.core.min.js?ver=8.41,wp-content/themes/Impreza/js/us.core.min_92df4997ee.js
https://espacan.es/wp-content/uploads/2026/03/certificate-150x150.png,wp-content/uploads/2026/03/certificate-150x150.png
https://espacan.es/wp-content/uploads/2026/03/certificate.png,wp-content/uploads/2026/03/certificate.png
https://espacan.es/wp-content/uploads/2026/03/check.gif,wp-content/uploads/2026/03/check.gif
https://espacan.es/wp-content/uploads/2026/03/concesionario-en-las-chafiras-tenerife-3.jpg,wp-content/uploads/2026/03/concesionario-en-las-chafiras-tenerife-3.jpg
https://espacan.es/wp-content/uploads/2026/03/icon-1-300x95.png,wp-content/uploads/2026/03/icon-1-300x95.png
https://espacan.es/wp-content/uploads/2026/03/icon-1-600x190.png,wp-content/uploads/2026/03/icon-1-600x190.png
https://espacan.es/wp-content/uploads/2026/03/icon-1.png,wp-content/uploads/2026/03/icon-1.png
https://espacan.es/wp-content/uploads/2026/03/icon-300x95.png,wp-content/uploads/2026/03/icon-300x95.png
https://espacan.es/wp-content/uploads/2026/03/icon-600x190.png,wp-content/uploads/2026/03/icon-600x190.png
https://espacan.es/wp-content/uploads/2026/03/icon.png,wp-content/uploads/2026/03/icon.png
https://espacan.es/wp-content/uploads/2026/03/instructor-150x150.png,wp-content/uploads/2026/03/instructor-150x150.png
https://espacan.es/wp-content/uploads/2026/03/instructor.png,wp-content/uploads/2026/03/instructor.png
https://espacan.es/wp-content/uploads/2026/03/isotipo-300x96.png,wp-content/uploads/2026/03/isotipo-300x96.png
https://espacan.es/wp-content/uploads/2026/03/isotipo.png,wp-content/uploads/2026/03/isotipo.png
https://espacan.es/wp-content/uploads/2026/03/logo-2-300x120.png,wp-content/uploads/2026/03/logo-2-300x120.png
https://espacan.es/wp-content/uploads/2026/03/logo-2-600x240.png,wp-content/uploads/2026/03/logo-2-600x240.png
https://espacan.es/wp-content/uploads/2026/03/logo-2.png,wp-content/uploads/2026/03/logo-2.png
https://espacan.es/wp-content/uploads/2026/03/mail-1-150x150.png,wp-content/uploads/2026/03/mail-1-150x150.png
https://espacan.es/wp-content/uploads/2026/03/mail-1.png,wp-content/uploads/2026/03/mail-1.png
https://espacan.es/wp-content/uploads/2026/03/map-150x150.png,wp-content/uploads/2026/03/map-150x150.png
https://espacan.es/wp-content/uploads/2026/03/map.png,wp-content/uploads/2026/03/map.png
https://espacan.es/wp-content/uploads/2026/03/nissan-aglup-150x150.png,wp-content/uploads/2026/03/nissan-aglup-150x150.png
https://espacan.es/wp-content/uploads/2026/03/nissan-aglup-300x300.png,wp-content/uploads/2026/03/nissan-aglup-300x300.png
https://espacan.es/wp-content/uploads/2026/03/nissan-aglup.png,wp-content/uploads/2026/03/nissan-aglup.png
https://espacan.es/wp-content/uploads/2026/03/nissan-juke-1-1024x1024.png,wp-content/uploads/2026/03/nissan-juke-1-1024x1024.png
https://espacan.es/wp-content/uploads/2026/03/nissan-juke-1-150x150.png,wp-content/uploads/2026/03/nissan-juke-1-150x150.png
https://espacan.es/wp-content/uploads/2026/03/nissan-juke-1-300x300.png,wp-content/uploads/2026/03/nissan-juke-1-300x300.png
https://espacan.es/wp-content/uploads/2026/03/nissan-juke-1-600x600.png,wp-content/uploads/2026/03/nissan-juke-1-600x600.png
https://espacan.es/wp-content/uploads/2026/03/nissan-juke-1.png,wp-content/uploads/2026/03/nissan-juke-1.png
https://espacan.es/wp-content/uploads/2026/03/nissan-juke-2-1024x1024.png,wp-content/uploads/2026/03/nissan-juke-2-1024x1024.png
https://espacan.es/wp-content/uploads/2026/03/nissan-juke-2-150x150.png,wp-content/uploads/2026/03/nissan-juke-2-150x150.png
https://espacan.es/wp-content/uploads/2026/03/nissan-juke-2-300x300.png,wp-content/uploads/2026/03/nissan-juke-2-300x300.png
https://espacan.es/wp-content/uploads/2026/03/nissan-juke-2-600x600.png,wp-content/uploads/2026/03/nissan-juke-2-600x600.png
https://espacan.es/wp-content/uploads/2026/03/nissan-juke-2.png,wp-content/uploads/2026/03/nissan-juke-2.png
https://espacan.es/wp-content/uploads/2026/03/nissan-juke-3.png,wp-content/uploads/2026/03/nissan-juke-3.png
https://espacan.es/wp-content/uploads/2026/03/telephone-150x150.png,wp-content/uploads/2026/03/telephone-150x150.png
https://espacan.es/wp-content/uploads/2026/03/telephone.png,wp-content/uploads/2026/03/telephone.png
https://espacan.es/wp-content/uploads/2026/03/trust-150x150.png,wp-content/uploads/2026/03/trust-150x150.png
https://espacan.es/wp-content/uploads/2026/03/trust.png,wp-content/uploads/2026/03/trust.png
https://espacan.es/wp-content/uploads/2026/03/whatsapp-1-150x150.png,wp-content/uploads/2026/03/whatsapp-1-150x150.png
https://espacan.es/wp-content/uploads/2026/03/whatsapp-1.png,wp-content/uploads/2026/03/whatsapp-1.png
https://espacan.es/wp-content/uploads/2026/04/aglup-compramos-tu-coche-1024x1024.png,wp-content/uploads/2026/04/aglup-compramos-tu-coche-1024x1024.png
https://espacan.es/wp-content/uploads/2026/04/aglup-compramos-tu-coche-150x150.png,wp-content/uploads/2026/04/aglup-compramos-tu-coche-150x150.png
https://espacan.es/wp-content/uploads/2026/04/aglup-compramos-tu-coche-300x300.png,wp-content/uploads/2026/04/aglup-compramos-tu-coche-300x300.png
https://espacan.es/wp-content/uploads/2026/04/aglup-compramos-tu-coche-600x600.png,wp-content/uploads/2026/04/aglup-compramos-tu-coche-600x600.png
https://espacan.es/wp-content/uploads/2026/04/aglup-compramos-tu-coche.png,wp-content/uploads/2026/04/aglup-compramos-tu-coche.png
https://espacan.es/wp-content/uploads/2026/04/aglup-conocimiento-local--1024x1024.png,wp-content/uploads/2026/04/aglup-conocimiento-local--1024x1024.png
https://espacan.es/wp-content/uploads/2026/04/aglup-conocimiento-local--150x150.png,wp-content/uploads/2026/04/aglup-conocimiento-local--150x150.png
https://espacan.es/wp-content/uploads/2026/04/aglup-conocimiento-local--300x300.png,wp-content/uploads/2026/04/aglup-conocimiento-local--300x300.png
https://espacan.es/wp-content/uploads/2026/04/aglup-conocimiento-local--600x600.png,wp-content/uploads/2026/04/aglup-conocimiento-local--600x600.png
https://espacan.es/wp-content/uploads/2026/04/aglup-conocimiento-local-.png,wp-content/uploads/2026/04/aglup-conocimiento-local-.png
https://espacan.es/wp-content/uploads/2026/04/aglup-icono-berlina-1024x524.png,wp-content/uploads/2026/04/aglup-icono-berlina-1024x524.png
https://espacan.es/wp-content/uploads/2026/04/aglup-icono-berlina-300x153.png,wp-content/uploads/2026/04/aglup-icono-berlina-300x153.png
https://espacan.es/wp-content/uploads/2026/04/aglup-icono-berlina-600x307.png,wp-content/uploads/2026/04/aglup-icono-berlina-600x307.png
https://espacan.es/wp-content/uploads/2026/04/aglup-icono-berlina.png,wp-content/uploads/2026/04/aglup-icono-berlina.png
https://espacan.es/wp-content/uploads/2026/04/aglup-icono-cabrio-1024x524.png,wp-content/uploads/2026/04/aglup-icono-cabrio-1024x524.png
https://espacan.es/wp-content/uploads/2026/04/aglup-icono-cabrio-300x153.png,wp-content/uploads/2026/04/aglup-icono-cabrio-300x153.png
https://espacan.es/wp-content/uploads/2026/04/aglup-icono-cabrio-600x307.png,wp-content/uploads/2026/04/aglup-icono-cabrio-600x307.png
https://espacan.es/wp-content/uploads/2026/04/aglup-icono-cabrio.png,wp-content/uploads/2026/04/aglup-icono-cabrio.png
https://espacan.es/wp-content/uploads/2026/04/aglup-icono-compacto-600x307.png,wp-content/uploads/2026/04/aglup-icono-compacto-600x307.png
https://espacan.es/wp-content/uploads/2026/04/aglup-icono-compacto.png,wp-content/uploads/2026/04/aglup-icono-compacto.png
https://espacan.es/wp-content/uploads/2026/04/aglup-icono-coupe-1024x524.png,wp-content/uploads/2026/04/aglup-icono-coupe-1024x524.png
https://espacan.es/wp-content/uploads/2026/04/aglup-icono-coupe-300x153.png,wp-content/uploads/2026/04/aglup-icono-coupe-300x153.png
https://espacan.es/wp-content/uploads/2026/04/aglup-icono-coupe-600x307.png,wp-content/uploads/2026/04/aglup-icono-coupe-600x307.png
https://espacan.es/wp-content/uploads/2026/04/aglup-icono-coupe.png,wp-content/uploads/2026/04/aglup-icono-coupe.png
https://espacan.es/wp-content/uploads/2026/04/aglup-icono-familiar-600x307.png,wp-content/uploads/2026/04/aglup-icono-familiar-600x307.png
https://espacan.es/wp-content/uploads/2026/04/aglup-icono-familiar.png,wp-content/uploads/2026/04/aglup-icono-familiar.png
https://espacan.es/wp-content/uploads/2026/04/aglup-icono-furgoneta-1024x524.png,wp-content/uploads/2026/04/aglup-icono-furgoneta-1024x524.png
https://espacan.es/wp-content/uploads/2026/04/aglup-icono-furgoneta-300x153.png,wp-content/uploads/2026/04/aglup-icono-furgoneta-300x153.png
https://espacan.es/wp-content/uploads/2026/04/aglup-icono-furgoneta-600x307.png,wp-content/uploads/2026/04/aglup-icono-furgoneta-600x307.png
https://espacan.es/wp-content/uploads/2026/04/aglup-icono-furgoneta.png,wp-content/uploads/2026/04/aglup-icono-furgoneta.png
https://espacan.es/wp-content/uploads/2026/04/aglup-icono-monovolumen-600x307.png,wp-content/uploads/2026/04/aglup-icono-monovolumen-600x307.png
https://espacan.es/wp-content/uploads/2026/04/aglup-icono-monovolumen.png,wp-content/uploads/2026/04/aglup-icono-monovolumen.png
https://espacan.es/wp-content/uploads/2026/04/aglup-icono-pickup-600x307.png,wp-content/uploads/2026/04/aglup-icono-pickup-600x307.png
https://espacan.es/wp-content/uploads/2026/04/aglup-icono-pickup.png,wp-content/uploads/2026/04/aglup-icono-pickup.png
https://espacan.es/wp-content/uploads/2026/04/aglup-icono-suv-1024x524.png,wp-content/uploads/2026/04/aglup-icono-suv-1024x524.png
https://espacan.es/wp-content/uploads/2026/04/aglup-icono-suv-300x153.png,wp-content/uploads/2026/04/aglup-icono-suv-300x153.png
https://espacan.es/wp-content/uploads/2026/04/aglup-icono-suv-600x307.png,wp-content/uploads/2026/04/aglup-icono-suv-600x307.png
https://espacan.es/wp-content/uploads/2026/04/aglup-icono-suv.png,wp-content/uploads/2026/04/aglup-icono-suv.png
https://espacan.es/wp-content/uploads/2026/04/aglup-icono-todoterreno-1024x524.png,wp-content/uploads/2026/04/aglup-icono-todoterreno-1024x524.png
https://espacan.es/wp-content/uploads/2026/04/aglup-icono-todoterreno-300x153.png,wp-content/uploads/2026/04/aglup-icono-todoterreno-300x153.png
https://espacan.es/wp-content/uploads/2026/04/aglup-icono-todoterreno-600x307.png,wp-content/uploads/2026/04/aglup-icono-todoterreno-600x307.png
https://espacan.es/wp-content/uploads/2026/04/aglup-icono-todoterreno.png,wp-content/uploads/2026/04/aglup-icono-todoterreno.png
https://espacan.es/wp-content/uploads/2026/04/aglup-icono-urbano-1024x524.png,wp-content/uploads/2026/04/aglup-icono-urbano-1024x524.png
https://espacan.es/wp-content/uploads/2026/04/aglup-icono-urbano-300x153.png,wp-content/uploads/2026/04/aglup-icono-urbano-300x153.png
https://espacan.es/wp-content/uploads/2026/04/aglup-icono-urbano-600x307.png,wp-content/uploads/2026/04/aglup-icono-urbano-600x307.png
https://espacan.es/wp-content/uploads/2026/04/aglup-icono-urbano.png,wp-content/uploads/2026/04/aglup-icono-urbano.png
https://espacan.es/wp-content/uploads/2026/04/aglup-informacion-clara-1024x1024.png,wp-content/uploads/2026/04/aglup-informacion-clara-1024x1024.png
https://espacan.es/wp-content/uploads/2026/04/aglup-informacion-clara-150x150.png,wp-content/uploads/2026/04/aglup-informacion-clara-150x150.png
https://espacan.es/wp-content/uploads/2026/04/aglup-informacion-clara-300x300.png,wp-content/uploads/2026/04/aglup-informacion-clara-300x300.png
https://espacan.es/wp-content/uploads/2026/04/aglup-informacion-clara-600x600.png,wp-content/uploads/2026/04/aglup-informacion-clara-600x600.png
https://espacan.es/wp-content/uploads/2026/04/aglup-informacion-clara.png,wp-content/uploads/2026/04/aglup-informacion-clara.png
https://espacan.es/wp-content/uploads/2026/04/aglup-proceso-sencillo-1024x1024.png,wp-content/uploads/2026/04/aglup-proceso-sencillo-1024x1024.png
https://espacan.es/wp-content/uploads/2026/04/aglup-proceso-sencillo-150x150.png,wp-content/uploads/2026/04/aglup-proceso-sencillo-150x150.png
https://espacan.es/wp-content/uploads/2026/04/aglup-proceso-sencillo-300x300.png,wp-content/uploads/2026/04/aglup-proceso-sencillo-300x300.png
https://espacan.es/wp-content/uploads/2026/04/aglup-proceso-sencillo-600x600.png,wp-content/uploads/2026/04/aglup-proceso-sencillo-600x600.png
https://espacan.es/wp-content/uploads/2026/04/aglup-proceso-sencillo.png,wp-content/uploads/2026/04/aglup-proceso-sencillo.png
https://espacan.es/wp-content/uploads/2026/04/aglup-valora-tu-coche-600x450.jpg,wp-content/uploads/2026/04/aglup-valora-tu-coche-600x450.jpg
https://espacan.es/wp-content/uploads/2026/04/aglup-valora-tu-coche.jpg,wp-content/uploads/2026/04/aglup-valora-tu-coche.jpg
https://espacan.es/wp-content/uploads/2026/04/aglup-vehiculos-seleccionados-1024x1024.png,wp-content/uploads/2026/04/aglup-vehiculos-seleccionados-1024x1024.png
https://espacan.es/wp-content/uploads/2026/04/aglup-vehiculos-seleccionados-150x150.png,wp-content/uploads/2026/04/aglup-vehiculos-seleccionados-150x150.png
https://espacan.es/wp-content/uploads/2026/04/aglup-vehiculos-seleccionados-300x300.png,wp-content/uploads/2026/04/aglup-vehiculos-seleccionados-300x300.png
https://espacan.es/wp-content/uploads/2026/04/aglup-vehiculos-seleccionados-600x600.png,wp-content/uploads/2026/04/aglup-vehiculos-seleccionados-600x600.png
https://espacan.es/wp-content/uploads/2026/04/aglup-vehiculos-seleccionados.png,wp-content/uploads/2026/04/aglup-vehiculos-seleccionados.png
https://espacan.es/wp-content/uploads/2026/04/audi-logo-150x150.png,wp-content/uploads/2026/04/audi-logo-150x150.png
https://espacan.es/wp-content/uploads/2026/04/audi-logo-300x300.png,wp-content/uploads/2026/04/audi-logo-300x300.png
https://espacan.es/wp-content/uploads/2026/04/audi-logo.png,wp-content/uploads/2026/04/audi-logo.png
https://espacan.es/wp-content/uploads/2026/04/hyundai-aglup-1-150x150.png,wp-content/uploads/2026/04/hyundai-aglup-1-150x150.png
https://espacan.es/wp-content/uploads/2026/04/hyundai-aglup-1-300x300.png,wp-content/uploads/2026/04/hyundai-aglup-1-300x300.png
https://espacan.es/wp-content/uploads/2026/04/hyundai-aglup-1.png,wp-content/uploads/2026/04/hyundai-aglup-1.png
https://espacan.es/wp-content/uploads/2026/04/kd_2024-300x28.png,wp-content/uploads/2026/04/kd_2024-300x28.png
https://espacan.es/wp-content/uploads/2026/04/kd_2024-600x56.png,wp-content/uploads/2026/04/kd_2024-600x56.png
https://espacan.es/wp-content/uploads/2026/04/kd_2024.png,wp-content/uploads/2026/04/kd_2024.png
https://espacan.es/wp-content/uploads/2026/04/kia-aglup-1-300x259.png,wp-content/uploads/2026/04/kia-aglup-1-300x259.png
https://espacan.es/wp-content/uploads/2026/04/kia-aglup-1.png,wp-content/uploads/2026/04/kia-aglup-1.png
https://espacan.es/wp-content/uploads/2026/04/logo-bmw-150x150.png,wp-content/uploads/2026/04/logo-bmw-150x150.png
https://espacan.es/wp-content/uploads/2026/04/logo-bmw-300x300.png,wp-content/uploads/2026/04/logo-bmw-300x300.png
https://espacan.es/wp-content/uploads/2026/04/logo-bmw.png,wp-content/uploads/2026/04/logo-bmw.png
https://espacan.es/wp-content/uploads/2026/04/logo-citroen-1-150x150.png,wp-content/uploads/2026/04/logo-citroen-1-150x150.png
https://espacan.es/wp-content/uploads/2026/04/logo-citroen-1-300x300.png,wp-content/uploads/2026/04/logo-citroen-1-300x300.png
https://espacan.es/wp-content/uploads/2026/04/logo-citroen-1.png,wp-content/uploads/2026/04/logo-citroen-1.png
https://espacan.es/wp-content/uploads/2026/04/logo-dacia-150x150.png,wp-content/uploads/2026/04/logo-dacia-150x150.png
https://espacan.es/wp-content/uploads/2026/04/logo-dacia-300x300.png,wp-content/uploads/2026/04/logo-dacia-300x300.png
https://espacan.es/wp-content/uploads/2026/04/logo-dacia.png,wp-content/uploads/2026/04/logo-dacia.png
https://espacan.es/wp-content/uploads/2026/04/logo-fiat-150x150.png,wp-content/uploads/2026/04/logo-fiat-150x150.png
https://espacan.es/wp-content/uploads/2026/04/logo-fiat-300x300.png,wp-content/uploads/2026/04/logo-fiat-300x300.png
https://espacan.es/wp-content/uploads/2026/04/logo-fiat.png,wp-content/uploads/2026/04/logo-fiat.png
https://espacan.es/wp-content/uploads/2026/04/logo-ford-150x150.png,wp-content/uploads/2026/04/logo-ford-150x150.png
https://espacan.es/wp-content/uploads/2026/04/logo-ford-300x300.png,wp-content/uploads/2026/04/logo-ford-300x300.png
https://espacan.es/wp-content/uploads/2026/04/logo-ford.png,wp-content/uploads/2026/04/logo-ford.png
https://espacan.es/wp-content/uploads/2026/04/logo-honda-150x150.png,wp-content/uploads/2026/04/logo-honda-150x150.png
https://espacan.es/wp-content/uploads/2026/04/logo-honda-300x300.png,wp-content/uploads/2026/04/logo-honda-300x300.png
https://espacan.es/wp-content/uploads/2026/04/logo-honda.png,wp-content/uploads/2026/04/logo-honda.png
https://espacan.es/wp-content/uploads/2026/04/mercedes-aglup-1.png,wp-content/uploads/2026/04/mercedes-aglup-1.png
https://espacan.es/wp-content/uploads/2026/04/mg-aglup-150x150.png,wp-content/uploads/2026/04/mg-aglup-150x150.png
https://espacan.es/wp-content/uploads/2026/04/mg-aglup-300x300.png,wp-content/uploads/2026/04/mg-aglup-300x300.png
https://espacan.es/wp-content/uploads/2026/04/mg-aglup.png,wp-content/uploads/2026/04/mg-aglup.png
https://espacan.es/wp-content/uploads/2026/04/opel-aglup-300x237.png,wp-content/uploads/2026/04/opel-aglup-300x237.png
https://espacan.es/wp-content/uploads/2026/04/opel-aglup-600x473.png,wp-content/uploads/2026/04/opel-aglup-600x473.png
https://espacan.es/wp-content/uploads/2026/04/opel-aglup.png,wp-content/uploads/2026/04/opel-aglup.png
https://espacan.es/wp-content/uploads/2026/04/peugeot-aplup-1-150x150.png,wp-content/uploads/2026/04/peugeot-aplup-1-150x150.png
https://espacan.es/wp-content/uploads/2026/04/peugeot-aplup-1-300x300.png,wp-content/uploads/2026/04/peugeot-aplup-1-300x300.png
https://espacan.es/wp-content/uploads/2026/04/peugeot-aplup-1.png,wp-content/uploads/2026/04/peugeot-aplup-1.png
https://espacan.es/wp-content/uploads/2026/04/renault-aglup-1-150x150.png,wp-content/uploads/2026/04/renault-aglup-1-150x150.png
https://espacan.es/wp-content/uploads/2026/04/renault-aglup-1-300x300.png,wp-content/uploads/2026/04/renault-aglup-1-300x300.png
https://espacan.es/wp-content/uploads/2026/04/renault-aglup-1.png,wp-content/uploads/2026/04/renault-aglup-1.png
https://espacan.es/wp-content/uploads/2026/04/seat-aglup-150x150.png,wp-content/uploads/2026/04/seat-aglup-150x150.png
https://espacan.es/wp-content/uploads/2026/04/seat-aglup-300x300.png,wp-content/uploads/2026/04/seat-aglup-300x300.png
https://espacan.es/wp-content/uploads/2026/04/seat-aglup.png,wp-content/uploads/2026/04/seat-aglup.png
https://espacan.es/wp-content/uploads/2026/04/sobre-nosotros-aglup-600x400.jpg,wp-content/uploads/2026/04/sobre-nosotros-aglup-600x400.jpg
https://espacan.es/wp-content/uploads/2026/04/sobre-nosotros-aglup.jpg,wp-content/uploads/2026/04/sobre-nosotros-aglup.jpg
https://espacan.es/wp-content/uploads/2026/04/venta-aglup.jpg,wp-content/uploads/2026/04/venta-aglup.jpg
https://espacan.es/wp-content/uploads/2026/04/volkswagen-aglup-1-150x150.png,wp-content/uploads/2026/04/volkswagen-aglup-1-150x150.png
https://espacan.es/wp-content/uploads/2026/04/volkswagen-aglup-1-300x300.png,wp-content/uploads/2026/04/volkswagen-aglup-1-300x300.png
https://espacan.es/wp-content/uploads/2026/04/volkswagen-aglup-1.png,wp-content/uploads/2026/04/volkswagen-aglup-1.png
https://espacan.es/wp-content/uploads/2026/05/aglup-audia1-1024x1024.png,wp-content/uploads/2026/05/aglup-audia1-1024x1024.png
https://espacan.es/wp-content/uploads/2026/05/aglup-audia1-150x150.png,wp-content/uploads/2026/05/aglup-audia1-150x150.png
https://espacan.es/wp-content/uploads/2026/05/aglup-audia1-300x300.png,wp-content/uploads/2026/05/aglup-audia1-300x300.png
https://espacan.es/wp-content/uploads/2026/05/aglup-audia1-600x600.png,wp-content/uploads/2026/05/aglup-audia1-600x600.png
https://espacan.es/wp-content/uploads/2026/05/aglup-audia1.png,wp-content/uploads/2026/05/aglup-audia1.png
https://espacan.es/wp-content/uploads/2026/05/aglup-faqs-movil.jpg,wp-content/uploads/2026/05/aglup-faqs-movil.jpg
https://espacan.es/wp-content/uploads/2026/05/aglup-faqs.png,wp-content/uploads/2026/05/aglup-faqs.png
https://espacan.es/wp-content/uploads/2026/05/auditt-aglup-1024x1024.png,wp-content/uploads/2026/05/auditt-aglup-1024x1024.png
https://espacan.es/wp-content/uploads/2026/05/auditt-aglup-150x150.png,wp-content/uploads/2026/05/auditt-aglup-150x150.png
https://espacan.es/wp-content/uploads/2026/05/auditt-aglup-300x300.png,wp-content/uploads/2026/05/auditt-aglup-300x300.png
https://espacan.es/wp-content/uploads/2026/05/auditt-aglup-600x600.png,wp-content/uploads/2026/05/auditt-aglup-600x600.png
https://espacan.es/wp-content/uploads/2026/05/auditt-aglup.png,wp-content/uploads/2026/05/auditt-aglup.png
https://espacan.es/wp-content/uploads/2026/05/favicon-aglup-150x150.png,wp-content/uploads/2026/05/favicon-aglup-150x150.png
https://espacan.es/wp-content/uploads/2026/05/favicon-aglup.png,wp-content/uploads/2026/05/favicon-aglup.png
https://espacan.es/wp-content/uploads/2026/05/mazda-logo-1.png,wp-content/uploads/2026/05/mazda-logo-1.png
https://espacan.es/wp-content/uploads/2026/05/mercedes-gl-aglup-1024x1024.png,wp-content/uploads/2026/05/mercedes-gl-aglup-1024x1024.png
https://espacan.es/wp-content/uploads/2026/05/mercedes-gl-aglup-150x150.png,wp-content/uploads/2026/05/mercedes-gl-aglup-150x150.png
https://espacan.es/wp-content/uploads/2026/05/mercedes-gl-aglup-300x300.png,wp-content/uploads/2026/05/mercedes-gl-aglup-300x300.png
https://espacan.es/wp-content/uploads/2026/05/mercedes-gl-aglup-600x600.png,wp-content/uploads/2026/05/mercedes-gl-aglup-600x600.png
https://espacan.es/wp-content/uploads/2026/05/mercedes-gl-aglup.png,wp-content/uploads/2026/05/mercedes-gl-aglup.png
https://espacan.es/wp-content/uploads/2026/05/opel-mokka-aglup-1024x1024.png,wp-content/uploads/2026/05/opel-mokka-aglup-1024x1024.png
https://espacan.es/wp-content/uploads/2026/05/opel-mokka-aglup-150x150.png,wp-content/uploads/2026/05/opel-mokka-aglup-150x150.png
https://espacan.es/wp-content/uploads/2026/05/opel-mokka-aglup-300x300.png,wp-content/uploads/2026/05/opel-mokka-aglup-300x300.png
https://espacan.es/wp-content/uploads/2026/05/opel-mokka-aglup-600x600.png,wp-content/uploads/2026/05/opel-mokka-aglup-600x600.png
https://espacan.es/wp-content/uploads/2026/05/opel-mokka-aglup.png,wp-content/uploads/2026/05/opel-mokka-aglup.png
https://espacan.es/wp-content/uploads/2026/05/skoda-logo-150x150.png,wp-content/uploads/2026/05/skoda-logo-150x150.png
https://espacan.es/wp-content/uploads/2026/05/skoda-logo-300x300.png,wp-content/uploads/2026/05/skoda-logo-300x300.png
https://espacan.es/wp-content/uploads/2026/05/skoda-logo.png,wp-content/uploads/2026/05/skoda-logo.png
https://espacan.es/wp-content/uploads/2026/05/toyota-logo-150x150.png,wp-content/uploads/2026/05/toyota-logo-150x150.png
https://espacan.es/wp-content/uploads/2026/05/toyota-logo-300x300.png,wp-content/uploads/2026/05/toyota-logo-300x300.png
https://espacan.es/wp-content/uploads/2026/05/toyota-logo.png,wp-content/uploads/2026/05/toyota-logo.png
https://espacan.es/wp-includes/js/jquery/jquery.min.js?ver=3.7.1,wp-includes/js/jquery/jquery.min_c8a53ae4de.js
https://espacan.es/wp-includes/js/jquery/jquery.ui.touch-punch.js?ver=0.2.2,wp-includes/js/jquery/jquery.ui.touch-punch_735f853b62.js
https://espacan.es/wp-includes/js/jquery/ui/core.min.js?ver=1.13.3,wp-includes/js/jquery/ui/core.min_7fcce33fae.js
https://espacan.es/wp-includes/js/jquery/ui/mouse.min.js?ver=1.13.3,wp-includes/js/jquery/ui/mouse.min_7fcce33fae.js
https://espacan.es/wp-includes/js/jquery/ui/slider.min.js?ver=1.13.3,wp-includes/js/jquery/ui/slider.min_7fcce33fae.js
"https://fonts.googleapis.com/css2?family=Bebas+Neue:ital,wght@0,400;1,400&family=Inter:wght@400&display=swap",_externos/fonts.googleapis.com/css2_c7f8873b95
https://fonts.googleapis.com/css?family=Inter:400%2C700|Bebas+Neue:400&display=swap&ver=7.0.2,_externos/fonts.googleapis.com/css_89222cea40
https://fonts.gstatic.com/s/bebasneue/v16/JTUSjIg69CK48gW7PXoo9Wlhzg.ttf,_externos/fonts.gstatic.com/s/bebasneue/v16/JTUSjIg69CK48gW7PXoo9Wlhzg.ttf
https://fonts.gstatic.com/s/bebasneue/v16/JTUSjIg69CK48gW7PXooxW4.ttf,_externos/fonts.gstatic.com/s/bebasneue/v16/JTUSjIg69CK48gW7PXooxW4.ttf
https://fonts.gstatic.com/s/inter/v20/UcCO3FwrK3iLTeHuS_nVMrMxCp50SjIw2boKoduKmMEVuFuYAZ9hjQ.ttf,_externos/fonts.gstatic.com/s/inter/v20/UcCO3FwrK3iLTeHuS_nVMrMxCp50SjIw2boKoduKmMEVuFuYAZ9hjQ.ttf
https://fonts.gstatic.com/s/inter/v20/UcCO3FwrK3iLTeHuS_nVMrMxCp50SjIw2boKoduKmMEVuLyfAZ9hjQ.ttf,_externos/fonts.gstatic.com/s/inter/v20/UcCO3FwrK3iLTeHuS_nVMrMxCp50SjIw2boKoduKmMEVuLyfAZ9hjQ.ttf
https://fonts.gstatic.com/s/inter/v20/UcCO3FwrK3iLTeHuS_nVMrMxCp50SjIw2boKoduKmMEVuLyfMZg.ttf,_externos/fonts.gstatic.com/s/inter/v20/UcCO3FwrK3iLTeHuS_nVMrMxCp50SjIw2boKoduKmMEVuLyfMZg.ttf
